timestamp,price,returns,log_returns,sma_10,sma_50,ema_10,ema_50,ema_200,volatility_10,volatility_50,bb_high,bb_low,bb_width,bb_pct,rsi_14,rsi_21,macd,macd_signal,macd_histogram,stoch_k,stoch_d,adx,adx_pos,adx_neg,atr,momentum_1,momentum_5,momentum_10,momentum_20,acceleration,daily_range,range_5,token_address
2025-05-12 16:05:28.868,0.00019369903265636863,,,,,,,,,,,,,,,,,,,,,0.0,0.0,0.0,0.0,,,,,,0.0,,7C5SPivzYtk2umHScjLXN7WZnstLFf1r5TCsMNaTpump
2025-05-12 17:04:06.251,0.0001634515637190438,-0.1561570469532767,-0.16978887628939454,,,,,,,,,,,,,,,,,,,0.0,0.0,0.0,0.0,-0.1561570469532767,,,,,0.0,,7C5SPivzYtk2umHScjLXN7WZnstLFf1r5TCsMNaTpump
2025-05-12 18:05:00.176,0.0002034636324438915,0.24479465240004838,0.21897057848164453,,,,,,,,,,,,,,,,,,,0.0,0.0,0.0,0.0,0.24479465240004838,,,,0.4009516993533251,0.0,,7C5SPivzYtk2umHScjLXN7WZnstLFf1r5TCsMNaTpump
2025-05-12 19:08:48.569,0.0001848658542064227,-0.09140590883040212,-0.09585682890316412,,,,,,,,,,,,,,,,,,,0.0,0.0,0.0,0.0,-0.09140590883040212,,,,-0.3362005612304505,0.0,,7C5SPivzYtk2umHScjLXN7WZnstLFf1r5TCsMNaTpump
2025-05-12 20:06:26.897,0.0001819363317128606,-0.01584674739495684,-0.015973649539481563,,,,,,,,,,,,,,,,,,,0.0,0.0,0.0,0.0,-0.01584674739495684,,,,0.07555916143544528,0.0,4.0012068724847694e-05,7C5SPivzYtk2umHScjLXN7WZnstLFf1r5TCsMNaTpump
2025-05-12 21:04:58.126,0.00019571375120025744,0.07572659818788097,0.07299633854957345,,,,,,,,,,,,,,,,,,,0.0,0.0,0.0,0.0,0.07572659818788097,0.010401283456397126,,,0.0915733455828378,0.0,4.0012068724847694e-05,7C5SPivzYtk2umHScjLXN7WZnstLFf1r5TCsMNaTpump
2025-05-12 22:09:17.785,0.00016821408020356699,-0.14050965161130835,-0.15141568355481116,,,,,,,,,,,,,,,,,,,0.0,0.0,0.0,0.0,-0.14050965161130835,0.02913717297137297,,,-0.21623624979918932,0.0,3.5249552240324515e-05,7C5SPivzYtk2umHScjLXN7WZnstLFf1r5TCsMNaTpump
2025-05-12 23:04:52.312,0.0001789728633218062,0.06395887374718745,0.061996737679180895,,,,,,,,,,,,,,,,,,,0.0,0.0,0.0,0.0,0.06395887374718745,-0.12036927104817641,,,0.2044685253584958,0.0,2.749967099669045e-05,7C5SPivzYtk2umHScjLXN7WZnstLFf1r5TCsMNaTpump
2025-05-13 00:06:25.922,0.00020594243149164306,0.15069082356549002,0.14036247816134587,,,,,,,,,,,,,,,,,,,0.0,0.0,0.0,0.0,0.15069082356549002,0.11401011493277768,,,0.08673194981830257,0.0,3.772835128807608e-05,7C5SPivzYtk2umHScjLXN7WZnstLFf1r5TCsMNaTpump
2025-05-13 01:06:19.466,0.00020323426168067805,-0.01315013031238732,-0.013237358830858614,0.0001879493802636539,,0.00019115338515661697,,,,,,,,,,,,,,,,0.0,0.0,0.0,0.0,-0.01315013031238732,0.11706254472268185,,,-0.16384095387787734,0.0,3.772835128807608e-05,7C5SPivzYtk2umHScjLXN7WZnstLFf1r5TCsMNaTpump
2025-05-13 02:04:59.197,0.0001967099280252333,-0.03210252839009886,-0.03262911507360851,0.00018825046980054037,,0.00019216366567818355,,,0.1272161166502673,,,,,,,,,,,,,0.0,0.0,0.0,0.0,-0.03210252839009886,0.0050899684813490165,0.015544194142704582,,-0.01895239807771154,0.0,3.772835128807608e-05,7C5SPivzYtk2umHScjLXN7WZnstLFf1r5TCsMNaTpump
2025-05-13 03:04:50.559,0.0001819427572907693,-0.07507079527053517,-0.07803807982630274,0.0001900995891577129,,0.0001903053186986537,,,0.11778223773858783,,,,,,,,,,,,,0.0,0.0,0.0,0.0,-0.07507079527053517,0.08161431593947621,0.11312949935131811,,-0.04296826688043631,0.0,2.6969568169836868e-05,7C5SPivzYtk2umHScjLXN7WZnstLFf1r5TCsMNaTpump
2025-05-13 04:04:43.644,0.00015285133524871883,-0.15989326794448,-0.1742263332456091,0.00018503835943819565,,0.00018349550352593827,,,0.0986810659759298,,,,,,,,,,,,,0.0,0.0,0.0,0.0,-0.15989326794448,-0.1459524510490675,-0.24875353195677297,,-0.08482247267394483,0.0,5.309109624292423e-05,7C5SPivzYtk2umHScjLXN7WZnstLFf1r5TCsMNaTpump
2025-05-13 05:04:55.085,0.0001404030785949597,-0.08144028727981611,-0.08494836531305101,0.00018059208187704934,,0.00017566051717485124,,,0.09796977747523394,,,,,,34.02004537379521,,,,,0.0,,0.0,0.0,0.0,1.688083093300358e-05,-0.08144028727981611,-0.3182411338060894,-0.2405137271148815,,0.07845298066466388,0.0,6.283118308571836e-05,7C5SPivzYtk2umHScjLXN7WZnstLFf1r5TCsMNaTpump
2025-05-13 06:04:40.524,0.0001320207983900486,-0.05970154136785433,-0.061557944930327416,0.00017560052854476813,,0.00016772602285034167,,,0.09860523441962565,,,,,,32.082061112601494,,,,,0.0,,0.0,0.0,0.0,1.627379159528269e-05,-0.05970154136785433,-0.3504008758253574,-0.2743571492998482,,0.021738745911961788,0.0,6.468912963518471e-05,7C5SPivzYtk2umHScjLXN7WZnstLFf1r5TCsMNaTpump
2025-05-13 07:04:09.664,0.00013782289561904812,0.043948357378187586,0.04301002212411133,0.00016981144298664722,,0.0001622890906264701,,,0.09538074464489624,,,,,,34.84866014011354,,,,,7.848984100534395,2.616328033511465,0.0,38.95654522676939,61.043454773230636,1.552581342626246e-05,0.043948357378187586,-0.29935973744360966,-0.2957935005904335,,0.10364989874604191,0.0,4.992195890072071e-05,7C5SPivzYtk2umHScjLXN7WZnstLFf1r5TCsMNaTpump
2025-05-13 08:09:22.012,0.00014189114955021634,0.029517983299474082,0.02909071532680454,0.00016717914992131215,,0.0001585803740671512,,,0.08846069353305401,,,,,,36.79283693083863,,,,,13.35245278821477,7.067145629583055,0.0,40.08301321325484,59.916986786745184,1.4707416319470016e-05,0.029517983299474082,-0.2201330151138967,-0.1564847046186355,,-0.014430374078713504,0.0,2.0830536858670233e-05,7C5SPivzYtk2umHScjLXN7WZnstLFf1r5TCsMNaTpump
2025-05-13 09:12:06.149,0.00014229654726110984,0.0028571035767810393,0.0028530298139537243,0.0001635115183152425,,0.00015561967828423457,,,0.08455337624189378,,,,,,36.994602974415685,,,,,13.900868311362553,11.700768400037239,0.0,40.20143413588617,59.798565864113876,1.368584356171455e-05,0.0028571035767810393,-0.06905263843743537,-0.2049266876551541,,-0.026660879722693043,0.0,1.0275748871061238e-05,7C5SPivzYtk2umHScjLXN7WZnstLFf1r5TCsMNaTpump
2025-05-13 10:04:52.265,0.00016848213880824513,0.18402127143032887,0.16891650203550712,0.00015976548904690272,,0.0001579583074704183,,,0.09230624720546347,,,,,,48.442795439679635,,,,,49.3243166964206,25.525879265332645,0.0,47.42897712475658,52.57102287524344,1.4578682703530318e-05,0.18402127143032887,0.19998892114245592,-0.18189691367666516,,0.18116416785354783,0.0,3.6461340418196536e-05,7C5SPivzYtk2umHScjLXN7WZnstLFf1r5TCsMNaTpump
2025-05-13 11:09:27.009,0.00015140901606204197,-0.10133491221662749,-0.10684485253720467,0.00015458296448503912,,0.00015676752721434985,,,0.09612629331982166,,0.0002194458927719612,0.00012308645197673182,56.2629732768307,0.29392619811376447,42.96160463657351,,,,,26.22806999589295,29.817751667892036,0.0,43.7187310078801,56.28126899211991,1.4756856992292664e-05,-0.10133491221662749,0.14685729755028354,-0.25500250395803825,,-0.28535618364695636,0.0,3.065924318919702e-05,7C5SPivzYtk2umHScjLXN7WZnstLFf1r5TCsMNaTpump
2025-05-13 12:04:46.043,0.00015741631295477536,0.03967595225816556,0.03890908023363814,0.00015065360297799332,,0.00015688548825806356,,,0.09818813678925181,,0.00021684231152251243,0.00012206176125602121,55.933556353823,0.37301483900809784,45.30654550315363,44.68602777993173,,,,34.354644911354086,36.63567720122254,0.0,45.33900083136555,54.66099916863446,1.4131888413752716e-05,0.03967595225816556,0.14216373301200091,-0.1997541022200846,-0.18731492462309074,0.14101086447479305,0.0,2.6590989258028794e-05,7C5SPivzYtk2umHScjLXN7WZnstLFf1r5TCsMNaTpump
2025-05-13 13:04:49.189,0.00016944304552186283,0.07640080206009325,0.07362288500234393,0.00014940363180110267,,0.00015916868048784522,,,0.10002783385539805,,0.00021706205415072315,0.00012244116680809245,55.74078918921889,0.49673893401118063,49.759721650081936,48.24837042349904,,,,50.624215891419546,37.06897693288886,0.0,48.53349002042333,51.46650997957668,1.3981520138990912e-05,0.07640080206009325,0.19417628272787835,-0.06870134296651464,0.03665600785023848,0.036724849801927695,0.0,2.7146498260752997e-05,7C5SPivzYtk2umHScjLXN7WZnstLFf1r5TCsMNaTpump
2025-05-13 14:04:36.006,0.00016919271974255164,-0.0014773446649298805,-0.0014784370145431826,0.00015103777025048595,,0.00016099123307961,,,0.08353243228910424,,0.0002127515472918896,0.000123324582396792,53.218278238288896,0.5129117084490713,49.66907261678594,48.18055634337746,,,,52.19788455000513,45.72558178425959,0.0,48.469995033475634,51.530004966524366,1.3000720541870933e-05,-0.0014773446649298805,0.18901493394697866,0.10691031561642683,-0.16843753495254554,-0.07787814672502313,0.0,1.8034029459820865e-05,7C5SPivzYtk2umHScjLXN7WZnstLFf1r5TCsMNaTpump
2025-05-13 15:04:51.196,0.00014549693260127458,-0.14005204938683669,-0.15088341410897999,0.00015154715565111743,,0.00015817408753809447,,,0.09249045406710456,,0.00021111162163141485,0.00012102761589675197,54.24472363162054,0.271627760166389,41.889727836087,42.27482238397148,,,,20.832146432058742,41.21808229116114,0.0,42.76637481062421,57.23362518937579,1.376465387039994e-05,-0.14005204938683669,-0.1364251805535941,0.036280215913283786,-0.2129594011514342,-0.1385747047219068,0.0,2.394611292058825e-05,7C5SPivzYtk2umHScjLXN7WZnstLFf1r5TCsMNaTpump
2025-05-13 16:03:56.322,0.00015566028877988012,0.06985271783328639,0.06752099211483388,0.0001539111046901006,,0.00015771703321841913,,,0.09111250206470785,,0.0002094010630851465,0.00012011057014972223,54.1956543742296,0.39813554009459645,45.810089145786606,45.29468309401033,,,,47.35289021178663,40.12764039795017,0.0,45.71685894795038,54.28314105204962,1.3507418320986054e-05,0.06985271783328639,0.028078068455950733,0.17905883526010702,-0.14442438563865523,0.20990476722012308,0.0,2.394611292058825e-05,7C5SPivzYtk2umHScjLXN7WZnstLFf1r5TCsMNaTpump
2025-05-13 17:03:39.514,0.00014507630798658402,-0.06799409712173254,-0.07041613075622997,0.0001546364459268542,,0.00015541871953990365,,,0.09469604027277359,,0.00020527431489504144,0.00011917357401845997,53.075235696501096,0.30084217283627734,42.58786578252277,42.84386289510202,-8.6457786693449e-06,,,34.887027362492034,34.35735466877913,0.0,43.21820923002889,56.78179076997111,1.3298601354722485e-05,-0.06799409712173254,-0.07839089060443527,0.05262850076510395,-0.25873216829746615,-0.13784681495501894,0.0,2.436673753527881e-05,7C5SPivzYtk2umHScjLXN7WZnstLFf1r5TCsMNaTpump
2025-05-13 18:04:04.189,0.00014768505294491746,0.01798188135980605,0.017822119698629527,0.0001552158362663243,,0.00015401259834081524,,,0.09449034310271655,,0.00020460509050829979,0.00011778989567933664,53.85641746825183,0.34435397310894755,43.64014652785145,43.6331945618941,-8.717788683375137e-06,,,41.8581345467948,41.36601737369116,0.0,44.03019800770043,55.96980199229957,1.2535040183551839e-05,0.01798188135980605,-0.12840888517987592,0.04083343755454316,-0.1220410754783785,0.0859759784815386,0.0,2.4116411755967617e-05,7C5SPivzYtk2umHScjLXN7WZnstLFf1r5TCsMNaTpump
2025-05-13 19:04:06.727,0.00015126819651631673,0.024262059700352223,0.023972411552098723,0.000156113001191845,,0.00015351361619090638,,,0.09460344511048766,,0.00020262662015313473,0.0001169978993539528,53.580820977836865,0.40021965577104984,45.127785977937755,44.733915530736674,-8.38902395153935e-06,,,51.43303676679829,42.726066225361706,12.707102324177782,45.18956638498787,54.81043361501212,1.1895618996969511e-05,0.024262059700352223,-0.10594145689902834,0.06304895956993395,-0.15479814252999047,0.006280178340546172,0.0,1.0583980793296097e-05,7C5SPivzYtk2umHScjLXN7WZnstLFf1r5TCsMNaTpump
2025-05-13 20:03:52.147,0.00016464471128908395,0.08842912840125217,0.08473549015727705,0.00015572925843992887,,0.0001555374516633023,,,0.07854778696177539,,0.00019509822926424875,0.00012039651822258284,47.355280325092494,0.5923317210474747,50.39210365539062,48.663512673150045,-6.968770929606359e-06,,,84.82507436705178,59.37208189354829,11.884712618097021,49.40317678047645,50.59682321952356,1.2001397266669347e-05,0.08842912840125217,0.13160262794187338,-0.022776464890018278,-0.20053040989872417,0.06416706870089994,0.0,1.956840330249993e-05,7C5SPivzYtk2umHScjLXN7WZnstLFf1r5TCsMNaTpump
2025-05-13 21:03:43.900,0.00016249092509699084,-0.013081417406183626,-0.013167732724359617,0.00015683744934342375,,0.00015680171956033659,,,0.0703561547394886,,0.0001868417837201661,0.00012457863010829673,39.98655890693491,0.6089041879412096,49.567526775778596,48.08548024343392,-5.948432891511216e-06,,,74.76717960888652,70.3417635809122,11.213906353260029,48.75328754481043,51.24671245518958,1.1297996475628187e-05,-0.013081417406183626,0.04388168858384911,0.07319187009581984,-0.20047474400602394,-0.10151054580743579,0.0,1.956840330249993e-05,7C5SPivzYtk2umHScjLXN7WZnstLFf1r5TCsMNaTpump
2025-05-13 22:05:39.474,0.0001635156253468179,0.006306199864487327,0.00628639898804442,0.000157447380582628,,0.00015802242970333318,,,0.06954731807847829,,0.0001792327462915,0.00012886823726912132,32.693507460010466,0.6879326087007335,49.986833621440994,48.39171307247212,-4.999491868612759e-06,,,78.16506527615576,79.25243975069803,10.542001512306602,49.09638071004398,50.90361928995605,1.0564189602356677e-05,0.006306199864487327,0.12710081760516712,0.03874638071211112,-0.168747470001399,0.019387617270670954,0.0,1.6959658344166493e-05,7C5SPivzYtk2umHScjLXN7WZnstLFf1r5TCsMNaTpump
2025-05-13 23:09:20.086,0.00016024571241709463,-0.019997556336208033,-0.0202002137861467,0.00015652764727215122,,0.0001584266629240171,,,0.06526348822220256,,0.00017490917574641582,0.00013102210332683806,28.690804387523382,0.6658819437958248,48.598267692145185,47.45380008966811,-4.459893045993715e-06,,,62.25455668223102,71.72893385575777,10.075830184953743,47.99219853531673,52.007801464683304,1.0043169840025719e-05,-0.019997556336208033,0.0850503095723707,-0.0542797910438968,-0.11925203946975393,-0.02630375620069536,0.0,1.337651477276722e-05,7C5SPivzYtk2umHScjLXN7WZnstLFf1r5TCsMNaTpump
2025-05-14 00:04:49.976,0.0001581044360435596,-0.013362456575197523,-0.013452537566956656,0.000155418818902252,,0.00015836807621847935,,,0.06532918859138165,,0.00017528553065717913,0.0001311710584955588,28.790030120470796,0.6105338277499078,47.66452468190814,46.829721956311886,-4.157119513386215e-06,,,53.466854305436314,64.62882542127436,9.74999803544085,47.242909954113394,52.757090045886635,9.478748878133526e-06,-0.013362456575197523,0.04519284082629671,-0.06553641147127531,0.03436738571038944,0.00663509976101051,0.0,6.540275245524345e-06,7C5SPivzYtk2umHScjLXN7WZnstLFf1r5TCsMNaTpump
2025-05-14 01:04:38.592,0.00015633383236382796,-0.011198950036062416,-0.011262130422541502,0.00015650250887850733,,0.0001579982136994518,,,0.04532569524783644,,0.00017530899103052492,0.00013274067349909979,27.637308157062705,0.5542422212790309,46.86272217814093,46.301037395768184,-4.013773939345991e-06,-5.750707162006154e-06,1.736933222660163e-06,46.200376069816485,53.97392901916127,9.53998481911538,46.59509349655787,53.40490650344217,8.928167078247677e-06,-0.011198950036062416,-0.050477654946739836,0.07448198095179936,0.11346441921566375,0.002163506539135107,0.0,7.181792982989939e-06,7C5SPivzYtk2umHScjLXN7WZnstLFf1r5TCsMNaTpump
2025-05-14 02:04:48.979,0.00015861020903481252,0.014560998323682517,0.014456004965791015,0.00015679750090400057,,0.0001581094855786083,,,0.0400202461153704,,0.00017415098020163249,0.00013655762539246867,24.198463854763297,0.5866085576637143,48.07214993276826,47.10712873370995,-3.6741338384741634e-06,-5.335392497299756e-06,1.6612586588255923e-06,55.54252401920344,51.73658479815208,9.202825485824018,47.59012292348187,52.40987707651817,8.453039192014597e-06,0.014560998323682517,-0.02388266335404221,0.018951013633951908,0.20140319532235273,0.025759948359744933,0.0,7.181792982989939e-06,7C5SPivzYtk2umHScjLXN7WZnstLFf1r5TCsMNaTpump
2025-05-14 03:04:39.782,0.00015403201966232306,-0.028864405389470327,-0.029289176145081898,0.00015769307207157447,,0.0001573681281392837,,,0.03377817696724698,,0.0001731814379771733,0.00013914808002125537,21.793238227383398,0.43733385522363866,45.81370079674553,45.65972213377033,-3.731375261084016e-06,-5.014589050056607e-06,1.2832137889725915e-06,37.13534072299517,46.292746937338364,9.15345897772414,45.74415281378717,54.25584718621288,8.176264204905659e-06,-0.028864405389470327,-0.05799816173151673,0.06173104209797797,0.11760835505936584,-0.043425403713152844,0.0,6.213692754771573e-06,7C5SPivzYtk2umHScjLXN7WZnstLFf1r5TCsMNaTpump
2025-05-14 04:04:55.040,0.00014468960355659664,-0.06065242880153976,-0.06256971789152535,0.00015739352713274238,,0.00015506294185152242,,,0.039480691192099814,,0.00017289014832355679,0.0001397192150755099,21.221970376940998,0.1498416834979883,41.52633527081676,42.839379703162216,-4.478963697362396e-06,-4.907463979517765e-06,4.285002821553689e-07,0.0,30.892621580732868,9.620915487564124,42.15107494225805,57.848925057741994,8.259560769249998e-06,-0.06065242880153976,-0.09707659959105719,-0.020282684866139045,0.019722540942484157,-0.03178802341206943,0.0,1.392060547821588e-05,7C5SPivzYtk2umHScjLXN7WZnstLFf1r5TCsMNaTpump
2025-05-14 05:04:35.322,0.0001542572873456628,0.06612557885213688,0.06403112260658402,0.000157692436215677,,0.00015491645921409338,,,0.04441105088766524,,0.0001722402513848005,0.00014156518602272144,19.550372113051075,0.41375955268970677,46.996860454171475,46.399574185460125,-4.250404777400151e-06,-4.776052139094242e-06,5.256473616940908e-07,47.94603926637676,28.36045999645731,9.396143259825221,46.762947850390276,53.23705214960977,8.352998127808296e-06,0.06612557885213688,-0.024332958607416133,0.01976020669370282,0.0840550267365614,0.12677800765367664,0.0,1.392060547821588e-05,7C5SPivzYtk2umHScjLXN7WZnstLFf1r5TCsMNaTpump
2025-05-14 06:04:09.701,0.0001596116298687569,0.03471046726691096,0.034121645811203985,0.0001571891280736443,,0.00015577012660585038,,,0.03519986990453883,,0.0001709196253181823,0.00014199876119539082,18.4846051681511,0.6090021583928409,49.82585869143989,48.292018083497716,-3.595769698352155e-06,-4.539995650945825e-06,9.442259525936696e-07,74.77797921314608,40.908006159840944,8.838766880082183,49.20356302828868,50.796436971711366,8.138808441757283e-06,0.03471046726691096,0.020966654852422995,-0.030569347663344848,-0.05264955087959822,-0.03141511158522592,0.0,1.4922026312160272e-05,7C5SPivzYtk2umHScjLXN7WZnstLFf1r5TCsMNaTpump
2025-05-14 07:04:14.295,0.00017501480385271093,0.09650408304595048,0.09212701257699002,0.0001584415159492163,,0.00015926915883255228,,,0.04672635606178138,,0.00017398858177159027,0.00014129038352104977,20.742391247186585,1.0313846675360376,56.94522248351787,53.275084424418154,-1.8131583106532196e-06,-3.994628182887304e-06,2.1814698722340845e-06,100.0,74.24133949317428,8.996119129119814,55.520849183304534,44.47915081669551,8.657691694771337e-06,0.09650408304595048,0.10342710546644485,0.0770743273708645,0.1559074116233352,0.061793615779039524,0.0,3.0325200296114294e-05,7C5SPivzYtk2umHScjLXN7WZnstLFf1r5TCsMNaTpump
2025-05-14 08:03:30.192,0.0001895611371881165,0.08311487380031846,0.07984103238489026,0.00016104606713334617,,0.00016477679126083666,,,0.05231966037293008,,0.00018071177894184146,0.00013778166877413274,26.95823758735087,1.2061340679468227,62.37482200434548,57.3506176703929,7.645285789513012e-07,-3.042796830519583e-06,3.8073254094708844e-06,99.99999999999999,91.59265973771535,9.855675903045254,60.51495698203803,39.48504301796202,9.07830895481664e-06,0.08311487380031846,0.23066059643756032,0.1592845441287698,0.2042026244292492,-0.013389209245632028,0.0,4.487153363151987e-05,7C5SPivzYtk2umHScjLXN7WZnstLFf1r5TCsMNaTpump
2025-05-14 09:04:17.339,0.000182923652335614,-0.03501500861917495,-0.03564273073733815,0.00016331386112519809,,0.00016807622054715982,,,0.05366884084930369,,0.0001833783268668882,0.0001364631815304611,29.336495798502128,0.990308576729034,58.73501604934033,55.050060541258325,2.2458852868013077e-06,-1.985060407055405e-06,4.230945693856713e-06,85.20780478106943,95.06926826035647,10.201796002571902,57.35067864820921,42.64932135179085,8.903964376079916e-06,-0.03501500861917495,0.26424876313979095,0.14151979217698019,0.07955833638514132,-0.1181298824194934,0.0,3.530384984245372e-05,7C5SPivzYtk2umHScjLXN7WZnstLFf1r5TCsMNaTpump
2025-05-14 10:04:09.224,0.00019858584577396848,0.0856214778044051,0.0821526136136389,0.00016736200209823896,,0.00017362342513385228,,,0.056966850958411516,,0.0001900857437306043,0.00013269507726988665,35.5601465309058,1.1481094848268099,64.06387132335439,59.11366514376748,4.630304004138853e-06,-6.619875248165535e-07,5.2922915289554065e-06,100.0,95.06926826035647,11.23781705038397,62.35304533597047,37.646954664029586,9.386695023385242e-06,0.0856214778044051,0.2873676776707046,0.25604221325741783,0.17372571394408842,0.12063648642358005,0.0,3.8974215905211566e-05,7C5SPivzYtk2umHScjLXN7WZnstLFf1r5TCsMNaTpump
2025-05-14 11:04:57.564,0.00020116118229305144,0.012968379035503963,0.012885009612021988,0.00017184473709116132,,0.00017863029007188848,,,0.0557849116108184,,0.00019670452202125697,0.0001316427239484117,39.629872868710095,1.068498879585293,64.86726840336857,59.742020054439,6.651111279881293e-06,8.00632236123016e-07,5.850479043758277e-06,100.0,95.06926826035647,12.309265874516047,63.11905029411654,36.8809497058835,8.90016941593508e-06,0.012968379035503963,0.26031657253584384,0.2867411951169918,0.3825802283015911,-0.07265309876890114,0.0,2.614637844034051e-05,7C5SPivzYtk2umHScjLXN7WZnstLFf1r5TCsMNaTpump
2025-05-14 12:08:50.329,0.00020492732163717237,0.018721998455121458,0.01854889901616159,0.00017647644835139733,,0.0001834115685383037,,,0.05569803809628975,,0.0002034019634861819,0.000129871985769216,44.125847748524535,1.0207447111824504,66.06216460283206,60.67013336958589,8.459001471747469e-06,2.332306083247907e-06,6.126695388499562e-06,100.0,100.0,13.46777182485087,64.26417458960181,35.73582541039824,8.533452982234069e-06,0.018721998455121458,0.17091421483199354,0.2920184828215815,0.31650354270485104,0.005753619419617495,0.0,2.2003669301558362e-05,7C5SPivzYtk2umHScjLXN7WZnstLFf1r5TCsMNaTpump
2025-05-14 13:12:33.191,0.0002150248618711454,0.04927376278235318,0.04809827037311635,0.00018257573257227954,,0.0001891594400533658,,,0.05231806441816111,,0.0002110983066894797,0.0001291704979543743,48.15475742529852,1.0479270133339136,69.09692144324075,63.067146402990566,1.0584542564133384e-05,3.982753379425003e-06,6.601789184708381e-06,100.0,100.0,14.9635501242194,67.20433400800519,32.79566599199485,8.645173500215423e-06,0.04927376278235318,0.13432987932415297,0.3959750858460078,0.4821500826380962,0.030551764327231723,0.0,3.2101209535531405e-05,7C5SPivzYtk2umHScjLXN7WZnstLFf1r5TCsMNaTpump
2025-05-14 14:09:12.450,0.000224901915042206,0.045934470484531476,0.04491071595994757,0.0001905969637208405,,0.00019565807186951856,,,0.04005474712119189,,0.00022001174741831029,0.00012797874343527254,52.893976359693504,1.053134934341565,71.75729449702112,65.24281911308677,1.2917144042592888e-05,5.7696315120585805e-06,7.147512530534308e-06,100.00000000000001,100.0,16.726154077582546,69.82000273565174,30.17999726434831,8.733164905275791e-06,0.045934470484531476,0.22948515498462463,0.5543750864880461,0.5228481864450314,-0.0033392922978217054,0.0,2.631606926823752e-05,7C5SPivzYtk2umHScjLXN7WZnstLFf1r5TCsMNaTpump
2025-05-14 15:19:45.623,0.00017849852322744322,-0.20632724183808981,-0.2310840460623334,0.0001930210873090185,,0.00019253815393459575,,,0.08829825263693693,,0.00022019932748244968,0.00013051419604224586,51.14438162455895,0.5350310181257879,49.98558288567912,50.552401944563044,1.089578181921009e-05,6.794861573488883e-06,4.100920245721207e-06,42.14928985921586,80.71642995307197,15.567702690378978,49.74608267163372,50.25391732836631,1.1423895398810575e-05,-0.20632724183808981,-0.10115183420166185,0.1571480757823791,0.18001356093505927,-0.2522617123226213,0.0,4.640339181476277e-05,7C5SPivzYtk2umHScjLXN7WZnstLFf1r5TCsMNaTpump
2025-05-14 16:08:53.396,0.00016073402339944167,-0.09952183080733945,-0.10482935764426697,0.000193133326662087,,0.0001867555847463859,,,0.09547972052090282,,0.0002202224973892666,0.0001300999573464647,51.45119236549459,0.3399156974318293,44.42816750023912,46.35668360553287,7.770813916386317e-06,6.99005204206837e-06,7.807618743179471e-07,20.002440455444937,54.0505767715536,15.245097073171761,44.47438797526104,55.52561202473899,1.1876795715181358e-05,-0.09952183080733945,-0.20096898632617666,0.0070320285032341445,-0.023752283684204567,0.10680541103075036,0.0,6.416789164276433e-05,7C5SPivzYtk2umHScjLXN7WZnstLFf1r5TCsMNaTpump
2025-05-14 17:09:46.706,0.00016787294451328262,0.04441449895209759,0.04345644031263488,0.00019241914072814416,0.00017004609015389545,0.00018332237743127618,0.00017542638426403388,,0.09126874162700915,,0.00022024935215757046,0.00013061130451979,51.09609523430183,0.415689999675848,46.979327026277,48.17178011304357,5.803407541017235e-06,6.752723141858143e-06,-9.493156008409083e-07,28.90247211096171,30.351400808540834,14.597697167429885,46.909250803607264,53.090749196392764,1.1538376100799901e-05,0.04441449895209759,-0.18081716399678127,-0.0408071727774455,0.03312196919969068,0.14393632975943704,0.0,6.416789164276433e-05,7C5SPivzYtk2umHScjLXN7WZnstLFf1r5TCsMNaTpump
2025-05-14 18:09:50.070,0.00016235703805554246,-0.03285762618706989,-0.03340956188154838,0.00018969873081488677,0.00016941925026187893,0.0001795104975447791,0.00017491386088330874,,0.08678039548041758,0.0876652084192046,0.00022025582160565955,0.0001304889763425734,51.18641575766721,0.35500926449594,45.25079241538393,46.88474825039224,3.7558412612243724e-06,6.153346765731389e-06,-2.397505504507017e-06,11.465487148821094,20.12346657174258,14.232450092184617,45.25788094300194,54.74211905699807,1.1108199697724205e-05,-0.03285762618706989,-0.24493829856365346,-0.1435109513274193,-0.007085483658323621,-0.07727212513916748,0.0,6.416789164276433e-05,7C5SPivzYtk2umHScjLXN7WZnstLFf1r5TCsMNaTpump
2025-05-14 19:07:02.148,0.00017093099055088328,0.052809244354455886,0.0514620622821813,0.0001884994646364137,0.00016956883879851569,0.00017795058718225257,0.0001747576698898803,,0.08858162412297899,0.08499616254769748,0.0002203089349842835,0.00013150439077732828,50.483900241532666,0.44397052116694596,48.42723196080651,49.104133011409274,2.792783078550947e-06,5.4812340282953014e-06,-2.6884509497443544e-06,17.33697540461884,19.234978221467216,13.458089846492655,48.30429667375142,51.69570332624859,1.0927182040411107e-05,0.052809244354455886,-0.23997538874310753,-0.06556102303669031,0.06668058678522737,0.08566687054152577,0.0,1.7764499828001553e-05,7C5SPivzYtk2umHScjLXN7WZnstLFf1r5TCsMNaTpump
2025-05-14 20:09:47.249,0.000158339098762802,-0.07366652324133638,-0.07652098307652404,0.00018447478993529703,0.0001686663481248939,0.00017438486201507974,0.00017411380435548507,,0.08515091322735513,0.07828507661441139,0.0002203019653078968,0.00013153482672563925,50.4592700889545,0.30196165456346347,44.356996950419294,46.13170033675513,1.001942330358099e-06,4.585375688707861e-06,-3.5834333583497623e-06,0.0,9.600820851146645,13.297272825180645,44.39667422593775,55.60332577406225,1.1046089879530405e-05,-0.07366652324133638,-0.11293888655288231,-0.20266674522702666,0.001484226028785951,-0.12647576759579227,0.0,1.259189178808129e-05,7C5SPivzYtk2umHScjLXN7WZnstLFf1r5TCsMNaTpump
2025-05-14 21:06:05.385,0.0001614427566252802,0.019601335909632756,0.019411703748106555,0.00018050294736851992,0.00016819788617327108,0.00017203175194420708,0.000173616900522928,,0.0854513949511148,0.07726296148252434,0.00022016063584352205,0.00013218704861615925,49.93566928771999,0.33255104095631816,45.57129522995581,46.962599582544286,-1.649709315367019e-07,3.635306364658949e-06,-3.8002772961956507e-06,4.662750219958093,7.333241874858977,12.980960535137688,45.565549617710374,54.43445038228963,1.0478773306883821e-05,0.019601335909632756,0.0044093541046830165,-0.19744577564626498,0.03267958179111541,0.09326785915096913,0.0,1.259189178808129e-05,7C5SPivzYtk2umHScjLXN7WZnstLFf1r5TCsMNaTpump
2025-05-14 22:09:02.165,0.00015993700526410908,-0.009326843722484712,-0.009370611082859947,0.00017600391573121358,0.00016775789964429606,0.00016983270709328016,0.00017308043404219004,,0.08456190152093598,0.07724065724771431,0.0002201247025611734,0.00013235566152143747,49.8008116101273,0.31424911809375505,45.05755152340802,46.59646831228403,-1.1974561207324743e-06,2.6687538675806646e-06,-3.8662099883131385e-06,2.4005992994643104,2.3544498398074674,12.757959359786184,45.07052795989167,54.92947204010833,9.837843167904343e-06,-0.009326843722484712,-0.04727348574353285,-0.2195427921159262,0.008365137637548647,-0.028928179632117468,0.0,1.259189178808129e-05,7C5SPivzYtk2umHScjLXN7WZnstLFf1r5TCsMNaTpump
2025-05-14 23:09:43.686,0.00015614836338768883,-0.023688338231442674,-0.023973417960069,0.00017011626588286794,0.00016696659188804468,0.00016734464460135446,0.00017241643127142528,,0.08089621484321334,0.07653915338653505,0.000220025537827046,0.00013266646062810148,49.53845144295449,0.26879751380742684,43.72197168240913,45.65608916324721,-2.2949648816603444e-06,1.6760101177324632e-06,-3.9709749993928075e-06,0.0,2.3544498398074674,12.735005215754954,43.781699328325516,56.218300671674484,9.405757361369764e-06,-0.023688338231442674,-0.038240871736829996,-0.27381251624167335,0.013739634979826443,-0.014361494508957962,0.0,1.4782627163194447e-05,7C5SPivzYtk2umHScjLXN7WZnstLFf1r5TCsMNaTpump
2025-05-15 00:09:41.890,0.00013809863799337625,-0.1155934330832421,-0.12283840474740143,0.00016143593817798495,0.00016636428304384087,0.00016202718885444933,0.00017107063545659983,,0.08056055606972366,0.07569246083108783,0.00022073349842453767,0.00013129940347428776,50.810077392114536,0.07602508330710724,37.95044316240018,41.46954564962241,-4.568547106074191e-06,4.2709867297113244e-07,-4.995645779045323e-06,0.0,0.8001997664881034,13.51391796763229,38.180108128981175,61.81989187101882,1.0023183649437109e-05,-0.1155934330832421,-0.19207957814843057,-0.38596059545575634,-0.045552447454472955,-0.09190509485179943,0.0,2.3344118631903955e-05,7C5SPivzYtk2umHScjLXN7WZnstLFf1r5TCsMNaTpump
2025-05-15 01:09:44.823,0.00014258485049055034,0.032485566565756185,0.03196906664227299,0.00015784457090429566,0.00016563652278721576,0.00015849221824283132,0.0001699535458500881,,0.0600049246664721,0.07527039531078314,0.00022155325862300554,0.00012931239959030867,52.57901813611955,0.14388906434118254,40.06804110161882,42.83748477955081,-5.9399060045603545e-06,-8.463022625351649e-07,-5.09360374202519e-06,5.168252455089284,1.7227508183630948,13.944766077989183,40.227104243685616,59.772895756314384,9.62768570998975e-06,0.032485566565756185,-0.0994968923995968,-0.20119871070939677,-0.07566862516489492,0.1480789996489983,0.0,2.3344118631903955e-05,7C5SPivzYtk2umHScjLXN7WZnstLFf1r5TCsMNaTpump
2025-05-15 02:08:00.974,0.0001616859570284695,0.13396308564481796,0.12571865243429098,0.00015793976426719847,0.00016475139329795227,0.00015907289802203825,0.00016962932668061284,,0.07038327983532668,0.07461358721872191,0.00022152332856329566,0.0001295497623659898,52.39567974512267,0.34940685667814253,48.177414009970306,48.245083704072336,-5.42290626098118e-06,-1.761623062224368e-06,-3.6612831987568115e-06,27.173304784132288,10.780519079740523,13.219273922086993,48.10606205232073,51.89393794767927,1.0304358626270422e-05,0.13396308564481796,0.0015064187968110154,0.005922415235398937,0.012996090331376386,0.10147751907906177,0.0,2.3587319035093255e-05,7C5SPivzYtk2umHScjLXN7WZnstLFf1r5TCsMNaTpump
2025-05-15 03:07:35.767,0.00016031852649467187,-0.008457324055402449,-0.008493290148661401,0.00015718432246533738,0.00016389307859423217,0.00015929937592615344,0.00016926419726155634,,0.06888086592442379,0.07460225951904981,0.0002212655625999293,0.00012833790059355225,53.16175140687778,0.3441453837386438,47.68002441307436,47.90443642561778,-5.065132757898973e-06,-2.4223250013592894e-06,-2.6428077565396838e-06,25.597983459537122,19.313180232919564,12.614738989622797,47.62210756620588,52.37789243379412,9.666006619665223e-06,-0.008457324055402449,0.002385446882244402,-0.04500080725046807,-0.08397162431131922,-0.1424204097002204,0.0,2.3587319035093255e-05,7C5SPivzYtk2umHScjLXN7WZnstLFf1r5TCsMNaTpump
2025-05-15 04:09:17.275,0.0001568447297268947,-0.02166809316259921,-0.02190629347694858,0.0001566330916324726,0.00016309577462826535,0.0001588530766171973,0.0001687771593190206,,0.06842178881215807,0.07453070048363714,0.00021973958115498058,0.0001265922412923788,53.79080628766633,0.3247810241187804,46.370308762161336,47.01888733853396,-5.004215564504555e-06,-2.9387031139883427e-06,-2.0655124505162124e-06,46.40134897638499,33.057545740018135,12.23561003337826,46.346533198900374,53.65346680109961,9.223705915958935e-06,-0.02166809316259921,0.004459645455757277,-0.03395176701093794,-0.1725902679553707,-0.013210769107196763,0.0,2.3587319035093255e-05,7C5SPivzYtk2umHScjLXN7WZnstLFf1r5TCsMNaTpump
2025-05-15 05:04:54.467,0.00016100471960649927,0.026522981593631867,0.026177345529823697,0.0001556404645380342,0.00016267701387457994,0.000159244284433434,0.00016847235776166683,,0.06659015276351815,0.07387221106734727,0.00021870512888133117,0.0001254348002931167,54.204886257726194,0.3813637182562381,48.20515484050886,48.22241441698427,-4.567609276554663e-06,-3.264484346501607e-06,-1.303124930053056e-06,69.76679960110141,47.2553773456745,11.627632067205969,48.138040746516914,51.86195925348309,8.862011913362194e-06,0.026522981593631867,0.16586754182341523,-0.058071803786974074,-0.1198255799578044,0.04819107475623108,0.0,1.9101106537919158e-05,7C5SPivzYtk2umHScjLXN7WZnstLFf1r5TCsMNaTpump
2025-05-15 06:09:38.857,0.00015594886123640426,-0.03140192649291085,-0.0319055379607955,0.00015540144078539443,0.00016273896439433368,0.0001586451165794286,0.00016798124025087222,,0.06291580803237577,0.0703357660424033,0.00021541359257457032,0.0001244626381461211,53.52004418525651,0.34618903438834436,46.13905936543812,46.86389728892526,-4.576802632880086e-06,-3.5269480037773033e-06,-1.0498546291027827e-06,54.36778620040314,56.84531159262985,11.351034179630044,46.12236917942849,53.87763082057152,8.590143803128824e-06,-0.03140192649291085,0.0937267227189722,-0.015095687325961116,-0.21470303873567043,-0.057924908086542715,0.0,5.7370957920652415e-06,7C5SPivzYtk2umHScjLXN7WZnstLFf1r5TCsMNaTpump
2025-05-15 07:07:02.512,0.00015394518942462134,-0.012848261897504543,-0.012931514685601001,0.00015465168406532853,0.0001630098066109269,0.00015779058436946365,0.0001674308068851369,,0.06264270280549579,0.0693192129610677,0.00021118814329788415,0.0001239664881359643,52.048605020775504,0.34370709009137734,45.31022172809575,46.32087962967131,-4.6916851775748874e-06,-3.7598954385368202e-06,-9.317897390380672e-07,48.26505016199888,57.466545321167814,11.209876027102695,45.31258997787643,54.687410022123586,8.119681518032688e-06,-0.012848261897504543,-0.047875324153755505,-0.04644102564515318,-0.23471721696110281,0.018553664595406305,0.0,7.0595301818779344e-06,7C5SPivzYtk2umHScjLXN7WZnstLFf1r5TCsMNaTpump
2025-05-15 08:04:53.258,0.0001442170005790429,-0.06319254847740341,-0.06527751250033614,0.00015307968359682192,0.00016325373065470683,0.0001553226600439326,0.00016652046153979987,,0.06549792266343188,0.06938666643701842,0.00020571440132684832,0.00012336919800118721,50.045157822391594,0.25317567673500313,41.41978255201524,43.73729791059337,-5.504264228164583e-06,-4.108769196462373e-06,-1.3954950317022097e-06,18.6351635172963,40.422666626566105,11.623080944330953,41.502627565850844,58.497372434149156,8.234574898571671e-06,-0.06319254847740341,-0.10043459273039224,-0.09828872723424598,-0.29625293773964523,-0.05034428657989887,0.0,1.6787719027456377e-05,7C5SPivzYtk2umHScjLXN7WZnstLFf1r5TCsMNaTpump
2025-05-15 09:09:40.542,0.00014847471240541816,0.029522953668986274,0.02909554317594825,0.00015231231849859486,0.0001634667669904342,0.00015407757865511178,0.00016581278510315747,,0.06627365705691209,0.06924778769695644,0.00019575146417079311,0.00012667712021066969,42.846290500349745,0.31556712586850205,43.69830275711508,45.14337161546254,-5.738527051130392e-06,-4.4347207673959774e-06,-1.3038062837344141e-06,43.99005413291936,36.96342260407151,11.688212121257607,43.73254128934794,56.26745871065205,7.950513250557642e-06,0.029522953668986274,-0.05336498928622457,-0.0491433327624341,-0.30949978940392353,0.09271550214638968,0.0,1.6787719027456377e-05,7C5SPivzYtk2umHScjLXN7WZnstLFf1r5TCsMNaTpump
2025-05-15 10:09:13.934,0.00014472142950191388,-0.025278937016936176,-0.025603938163765355,0.00015297459764944862,0.00016352337258946818,0.0001523764606272576,0.000164985673118795,,0.05430901865632706,0.0692675534560367,0.00017648498235158376,0.00013792555347584982,24.52807681794579,0.17624420859461462,42.14219807732217,44.12272784113296,-6.156077163407283e-06,-4.778992046598239e-06,-1.377085116809044e-06,28.077762880487736,30.2343268435678,11.966883310259906,42.2051956163551,57.794804383644895,7.650711082910973e-06,-0.025278937016936176,-0.10113548313603649,0.04795696470848099,-0.3565131294024114,-0.05480189068592245,0.0,1.1731860657361365e-05,7C5SPivzYtk2umHScjLXN7WZnstLFf1r5TCsMNaTpump
2025-05-15 11:09:34.992,0.00013651543118438714,-0.056702026408730455,-0.058373061541008894,0.0001523676557188323,0.0001634077502679337,0.00014949263709219024,0.00016386919304293588,,0.056738732588815635,0.0697767182385636,0.00017378805413785115,0.0001364241724852768,24.0892385572972,0.0024424309004855895,38.882113206832905,41.94563764697716,-7.067672391650203e-06,-5.236728115608632e-06,-1.8309442760415713e-06,0.0,24.022605671135704,12.683775685214174,38.99831172019017,61.00168827980983,7.6903744568121e-06,-0.056702026408730455,-0.12461411964116764,-0.042567069960671944,-0.23520134107530477,-0.03142308939179428,0.0,1.7429758240234203e-05,7C5SPivzYtk2umHScjLXN7WZnstLFf1r5TCsMNaTpump
2025-05-15 12:05:53.741,0.00013513455154312494,-0.010115190856314848,-0.010166697023517834,0.00014971251517029784,0.0001627407985226313,0.00014688207608326928,0.0001627423443566688,,0.03018956871984758,0.06463056979203732,0.00017421975550767439,0.00013343252392982192,26.515149929931813,0.041729422357442474,38.34455620331607,41.583107017230546,-7.811497543090505e-06,-5.751682001105006e-06,-2.059815541985499e-06,0.0,9.359254293495912,13.425133396923723,38.46860817542607,61.53139182457393,7.2396962557013915e-06,-0.010115190856314848,-0.12219048839266877,-0.16421590330611957,-0.15926604283835555,0.046586835552415606,0.0,1.3340160862293217e-05,7C5SPivzYtk2umHScjLXN7WZnstLFf1r5TCsMNaTpump
2025-05-15 13:04:58.810,0.00014034996278363814,0.03859420985201423,0.037868077457808326,0.00014771565879919448,0.00016251961745706323,0.00014569441911969997,0.00016186421174596173,,0.03501284638664715,0.06326896718536701,0.0001725791571247853,0.00013232082413974653,26.40756671618853,0.19944041515269612,41.627048620043425,43.51900416923056,-7.889202419840809e-06,-6.179186084852168e-06,-1.7100163349886415e-06,19.642693654736735,6.547564551578912,13.653334160219577,41.69002795846716,58.309972041532845,7.0951044689022355e-06,0.03859420985201423,-0.026814021785769304,-0.12455555915864391,-0.16395126569943963,0.048709400708329076,0.0,1.3340160862293217e-05,7C5SPivzYtk2umHScjLXN7WZnstLFf1r5TCsMNaTpump
2025-05-15 14:05:00.259,0.0001257073002754104,-0.10432965009617201,-0.11018284675758237,0.00014460191585404604,0.0001618854372034759,0.0001420603975116473,0.00016044629364907737,,0.04554915371871873,0.06471140856626456,0.0001733145451950689,0.00012792046229144973,30.138650406128992,-0.048754416313207954,35.855363721608896,39.64586975273201,-9.028252510032668e-06,-6.748999369888268e-06,-2.2792531401444e-06,0.0,6.547564551578912,14.679154989140716,35.992587117442234,64.00741288255777,7.634215757425486e-06,-0.10432965009617201,-0.15334201872599096,-0.19852391282577497,-0.22573544220235253,-0.14292385994818624,0.0,1.9014129226503472e-05,7C5SPivzYtk2umHScjLXN7WZnstLFf1r5TCsMNaTpump
2025-05-15 15:04:57.524,0.00013714426907407646,0.09098094361750642,0.08707723980334124,0.00014221587080080376,0.00016123946167452018,0.0001411665559775435,0.00015953248876378323,,0.05630117080383345,0.06510521518626067,0.0001703178457038617,0.00012753848963497627,28.72482535596909,0.2245424036685473,42.55504929255948,43.751455192627645,-8.905433816015524e-06,-7.18028625911372e-06,-1.7251475569018037e-06,31.788203982055606,17.143632545597445,14.688948475855257,42.59186809842785,57.40813190157215,7.905840974656954e-06,0.09098094361750642,-0.05235686555830499,-0.14819721180061385,-0.19766293618212605,0.19531059371367843,0.0,1.4642662508227735e-05,7C5SPivzYtk2umHScjLXN7WZnstLFf1r5TCsMNaTpump
2025-05-15 16:06:43.462,0.00013945193252609138,0.016826539436135546,0.016686541492821495,0.0001405661779297725,0.00016064464593019097,0.00014085480625909764,0.00015874501597014826,,0.05675410963490918,0.06516004215480738,0.00016929572521754397,0.00012667189349762292,28.80303724100396,0.2998331804715594,43.82986027772808,44.55058240970587,-8.52363480525998e-06,-7.448955968342972e-06,-1.074678836917008e-06,38.93948201072914,23.575895330928248,14.518335142007617,43.849819099005856,56.15018090099414,7.505971151611095e-06,0.016826539436135546,0.021510398613750814,-0.10578422041379987,-0.1192830222243737,-0.07415440418137087,0.0,1.4642662508227735e-05,7C5SPivzYtk2umHScjLXN7WZnstLFf1r5TCsMNaTpump
2025-05-15 17:09:40.032,0.00014435172814847793,0.03513608978828464,0.03453290579172948,0.00013960683180215815,0.00016062174184113505,0.00014149061023898497,0.00015818057331047492,,0.05845699137534734,0.06221231713057977,0.00016756663730461835,0.00012669187856286833,27.78152987093644,0.4320477998949409,46.54250380736635,46.25295270943917,-7.736502199545914e-06,-7.506465214583561e-06,-2.3003698496235291e-07,52.8209376957088,41.18287456283118,13.97717106991537,46.52898093364192,53.471019066358075,7.319815756666484e-06,0.03513608978828464,0.06820740143879145,-0.062317382647678055,-0.1058643251271516,0.018309550352149095,0.0,1.8644427873067522e-05,7C5SPivzYtk2umHScjLXN7WZnstLFf1r5TCsMNaTpump
2025-05-15 18:07:35.159,0.00014474418335333312,0.002718742684199249,0.0027150535882634907,0.00013965955007958717,0.0001604034197326041,0.00014208216898704826,0.0001576536560572537,,0.05474662968228544,0.06143322307861183,0.0001659580903618885,0.0001267811433145206,26.76576457166907,0.4585104606822438,46.764265884585136,46.39137090174442,-7.000330629444783e-06,-7.405238297555805e-06,4.0490766811102273e-07,53.93279009821441,48.564403268217454,13.443351704776648,46.74815002101337,53.25184997898662,6.8250042886799635e-06,0.002718742684199249,0.03130902554259363,0.003655482863833992,-0.09499253712852485,-0.03241734710408539,0.0,1.9036883077922715e-05,7C5SPivzYtk2umHScjLXN7WZnstLFf1r5TCsMNaTpump
2025-05-15 19:05:58.620,0.0001406789520628366,-0.028085628011544683,-0.028487573064343633,0.000138879974045329,0.00016031547261412916,0.0001418270386371916,0.00015698798139080598,,0.05452828838745198,0.06078149565005789,0.00016479685522819597,0.0001263954373157279,26.375298313691136,0.3719527955886011,44.69590528989597,45.127325639108086,-6.668074138955647e-06,-7.257805465835774e-06,5.897313268801273e-07,49.50687501460956,52.08686760284426,13.239667205514985,44.70411564244331,55.29588435755668,6.627877645952575e-06,-0.028085628011544683,0.11909930254348788,-0.052505643663379065,-0.09906867410735787,-0.030804370695743932,0.0,7.599914279256666e-06,7C5SPivzYtk2umHScjLXN7WZnstLFf1r5TCsMNaTpump
2025-05-15 20:05:54.049,0.00013550325789589177,-0.03679082116444121,-0.037484674951018884,0.00013795815688472682,0.00016007183671314866,0.0001406772603205916,0.00015614544321453485,,0.05514487350263461,0.06096721297474497,0.00016490167035776096,0.00012603108417641446,26.721354385540963,0.24368486946108595,42.14038872121346,43.541337871673875,-6.744645663839168e-06,-7.155173505436454e-06,4.105278415972855e-07,34.690828229825726,46.04349778088323,13.41173824918259,42.17566909156927,57.824330908430724,6.524150254594878e-06,-0.03679082116444121,-0.011965583317946171,-0.06369596843914671,-0.01879366904117452,-0.008705193152896529,0.0,9.240925457441353e-06,7C5SPivzYtk2umHScjLXN7WZnstLFf1r5TCsMNaTpump
2025-05-15 21:04:56.439,0.0001369405731844723,0.010607237869401098,0.010551375802726944,0.0001380006710847353,0.0001597852842465118,0.000139997862659479,0.00015539231105649316,,0.05218538596897789,0.06088758540872129,0.0001649399034941099,0.0001254284233094577,27.214731454771552,0.29136215148645234,43.1131162998804,44.114048998033475,-6.613117910583789e-06,-7.046762386465921e-06,4.3364447588213234e-07,49.33926106716489,44.51232143720006,13.434113586661761,43.137503513054504,56.86249648694548,6.160804899879567e-06,0.010607237869401098,-0.01800878120602034,0.0031142413454412488,-0.039585392744456493,0.04739805903384231,0.0,9.240925457441353e-06,7C5SPivzYtk2umHScjLXN7WZnstLFf1r5TCsMNaTpump
2025-05-15 22:01:18.144,0.00012396376002403643,-0.09476236924286008,-0.09955779432684975,0.00013688359193282646,0.0001589716652212108,0.0001370825712712167,0.0001541598188591419,,0.06049245217848481,0.06096265264976479,0.00016358743231116064,0.00012300867479196365,28.317731129959668,0.023536581464352252,37.05589171832005,40.24404048261174,-7.469893308602728e-06,-7.1313885708932825e-06,-3.385047377094451e-07,0.0,28.010029765663536,14.312801573760499,37.13212729697794,62.86787270302203,6.647662632776446e-06,-0.09476236924286008,-0.1412381298509343,-0.08266421423334969,-0.23330533892804917,-0.10536960711226118,0.0,2.0780423329296694e-05,7C5SPivzYtk2umHScjLXN7WZnstLFf1r5TCsMNaTpump
2025-05-15 23:01:14.865,0.00012379959695622147,-0.0013242827402389912,-0.0013251603775392257,0.00013522855535008478,0.00015819783865839542,0.00013466748503212665,0.0001529692219217725,,0.05843820277070047,0.060948697583803745,0.00016187850877564402,0.00012106570537363527,28.84865734026017,0.06698612579138943,36.985099886957606,40.19719933770708,-8.069124724897897e-06,-7.318935801694206e-06,-7.501889232036909e-07,0.0,16.44642035572163,15.138767808825559,37.061835567664325,62.938164432335654,6.184555520993483e-06,-0.0013242827402389912,-0.1447007120554482,-0.11792212480263009,-0.227789827769307,0.09343808650262109,0.0,1.687935510661512e-05,7C5SPivzYtk2umHScjLXN7WZnstLFf1r5TCsMNaTpump
2025-05-16 00:01:30.616,0.00012272010226197964,-0.008719694738776651,-0.008757933727430025,0.0001349298355487417,0.00015738192819669865,0.00013249523361937265,0.00015178298193511397,,0.048416231592407606,0.06093620062145797,0.00016045017795802418,0.00011908157344476354,29.59850128342027,0.08795386888261542,36.49141894071606,39.87673488172035,-8.5327657278049e-06,-7.561701786916346e-06,-9.710639408885536e-07,0.0,0.0,15.975773812303531,36.5715740712414,63.42842592875858,5.81990831908265e-06,-0.008719694738776651,-0.12765839905343723,-0.023763122801031877,-0.2175694875073867,-0.00739541199853766,0.0,1.4220470922492661e-05,7C5SPivzYtk2umHScjLXN7WZnstLFf1r5TCsMNaTpump
2025-05-16 01:01:45.986,0.0001179213719720777,-0.039103049960451663,-0.039888107770402116,0.00013300754583854183,0.0001565354413877983,0.00012984544059259175,0.00015045507566205374,,0.036979792650609807,0.0610992667710174,0.00015797091709508188,0.00011725249954426372,29.589355475646762,0.016426778545094518,34.2996262694609,38.44609148398619,-9.18158242582616e-06,-7.88567791469831e-06,-1.2959045111278508e-06,0.0,0.0,17.064143811585627,34.393523098873565,65.60647690112643,5.746967031284027e-06,-0.039103049960451663,-0.1297524959681956,-0.1401655149849228,-0.2675905882741739,-0.030383355221675012,0.0,1.9019201212394594e-05,7C5SPivzYtk2umHScjLXN7WZnstLFf1r5TCsMNaTpump
2025-05-16 02:01:31.201,0.0001125668757853558,-0.0454073430216686,-0.04647056668973634,0.0001303190401644683,0.00015562469018263423,0.00012670388335491248,0.00014896926390218324,,0.03638201068599881,0.06136458483021214,0.00015674697262034224,0.0001141382454738985,31.458879481286566,-0.03687905726782215,31.990703205986023,36.89526225708924,-1.0012420475628896e-05,-8.311026426884427e-06,-1.7013940487444682e-06,0.0,0.0,18.40291478042169,32.09653131235476,67.90346868764523,5.71893339952959e-06,-0.0454073430216686,-0.1779874060135761,-0.19279085096727078,-0.2781808415085848,-0.006304293061216937,0.0,1.1396884238680632e-05,7C5SPivzYtk2umHScjLXN7WZnstLFf1r5TCsMNaTpump
2025-05-16 03:01:23.144,9.921719790072628e-05,-0.11859330545945757,-0.12623613125417002,0.0001258055871396931,0.0001544823574933722,0.00012170630418142407,0.0001470182024903614,,0.042234828735128474,0.06343543053065864,0.00015756403244715405,0.00010784838649469717,37.462938735620355,-0.17361111232920323,27.093749088260736,33.37133573348905,-1.1614191878941868e-05,-8.971659517295916e-06,-2.6425323616459512e-06,0.0,0.0,20.34324646511669,27.216220816924164,72.78377918307584,6.263986577036727e-06,-0.11859330545945757,-0.19962739205806457,-0.31267052238769855,-0.35550309644909306,-0.07318596243778897,0.0,2.4582399055495194e-05,7C5SPivzYtk2umHScjLXN7WZnstLFf1r5TCsMNaTpump
2025-05-16 03:19:33.000,8.777906689581032e-05,-0.11528375369319144,-0.12248831102762242,0.00012010907549394082,0.00015306573465059218,0.00011553771558403974,0.00014469509913371233,,0.046500982806919666,0.065168377760616,0.00016092056457623092,9.884806099729712e-05,47.79060861710111,-0.17832362903505328,23.740532085427546,30.730734834850026,-1.3649229020061383e-05,-9.90717341784901e-06,-3.742055602212373e-06,0.0,0.0,22.623358488872324,23.867592601152207,76.13240739884779,6.6335683218852435e-06,-0.11528375369319144,-0.2909583790741167,-0.39355720649904125,-0.3913403652595029,0.003309551766266128,0.0,3.494103536616932e-05,7C5SPivzYtk2umHScjLXN7WZnstLFf1r5TCsMNaTpump
